"sexo","collection_code","collection_no","collection_date","maturity","total_length_cm","precaudal_length_cm","total_weight_gr","liver_weight_gr","factor_condicion_fulton","proporcion_morfometrica","peso_somatico_neto_gr","fuente_run_id"
"male","CCM","610",NA,"inmature",15.2,8.96,NA,38,NA,0.589473684210526,NA,"20260910T195140"
"male","CCM","808",NA,"inmature",15.7,10.4,13,NA,0.335926600554589,0.662420382165605,NA,"20260910T195140"
"male","CCM","839",NA,"inmature",16.1,11.2,NA,124,NA,0.695652173913043,NA,"20260910T195140"
"male","CCM","609",NA,"inmature",23,18,14,NA,0.115065340675598,0.782608695652174,NA,"20260910T195140"
"male","CCM","495",NA,"inmature",40,27.2,1542,50,2.409375,0.68,1492,"20260910T195140"
"male","CCM","506",NA,"inmature",41.6,27.5,452,24,0.627853678311334,0.661057692307692,428,"20260910T195140"
"male","CCM","542",NA,"inmature",36.8,28,NA,72,NA,0.760869565217391,NA,"20260910T195140"
"male","CCM","459",NA,"inmature",44.7,28.4,704,36,0.788224790469081,0.635346756152125,668,"20260910T195140"
"male","CCM","659",NA,"inmature",41.9,28.5,1696,90,2.3055990207947,0.68019093078759,1606,"20260910T195140"
"male","CCM","488",NA,"inmature",35,28.6,NA,NA,NA,0.817142857142857,NA,"20260910T195140"
"male","CCM","529",NA,"inmature",44.5,28.6,564,38,0.640028143081469,0.642696629213483,526,"20260910T195140"
"male","CCM","525",NA,"inmature",45.3,28.7,310,20,0.333477922906294,0.63355408388521,290,"20260910T195140"
"male","CCM","1000",2021-12-13,"inmature",45.1,29,466,26,0.507991319365847,0.643015521064301,440,"20260910T195140"
"male","CCM","499",NA,"inmature",45.9,29,2044,70,2.1136975054202,0.631808278867102,1974,"20260910T195140"
"male","CCM","554",NA,"inmature",43.7,29.2,488,26,0.584757110050317,0.668192219679634,462,"20260910T195140"
"male","CCM","551",NA,"inmature",36.9,29.3,452,30,0.899620485544681,0.794037940379404,422,"20260910T195140"
"male","CCM","527",NA,"inmature",44.6,29.5,1216,78,1.37065766409094,0.661434977578475,1138,"20260910T195140"
"male","CCM","858",NA,"inmature",51,29.8,2134,92,1.60873268953871,0.584313725490196,2042,"20260910T195140"
"male","CCM","494",NA,"inmature",43.5,30,360,16,0.437355638470895,0.689655172413793,344,"20260910T195140"
"male","CCM","553",NA,"inmature",46.5,30,362,20,0.360039136850926,0.645161290322581,342,"20260910T195140"
"male","CCM","548",NA,"inmature",48.5,30.1,326,26,0.285754043343016,0.620618556701031,300,"20260910T195140"
"male","CCM","1001",2021-12-13,"inmature",47.7,30.2,468,20,0.431211878693133,0.633123689727463,448,"20260910T195140"
"male","CCM","534",NA,"inmature",46,30.4,1772,90,1.82049806854607,0.660869565217391,1682,"20260910T195140"
"male","CCM","555",NA,"inmature",46.2,30.6,404,28,0.409690070678433,0.662337662337662,376,"20260910T195140"
"male","CCM","482",NA,"inmature",47.7,30.6,1142,58,1.0522306954435,0.641509433962264,1084,"20260910T195140"
"male","CCM","497",NA,"inmature",42.7,30.8,1001,76,1.28573199824601,0.721311475409836,925,"20260910T195140"
"male","CCM","265",2021-01-25,"inmature",42.8,31,1412,88,1.80095719089044,0.724299065420561,1324,"20260910T195140"
"male","CCM","1063",NA,"inmature",44.2,31.3,498,26,0.576716709618551,0.70814479638009,472,"20260910T195140"
"male","CCM","485",NA,"inmature",49.9,31.4,550,32,0.442650595305897,0.629258517034068,518,"20260910T195140"
"male","CCM","1061",NA,"inmature",46.5,31.5,434,16,0.431649130920723,0.67741935483871,418,"20260910T195140"
"male","CCM","662",NA,"inmature",48.8,31.5,2146,70,1.84658903168107,0.645491803278689,2076,"20260910T195140"
"male","CCM","1006",2021-12-13,"inmature",49.8,31.6,764,NA,0.618593468728222,0.634538152610442,NA,"20260910T195140"
"male","CCM","556",NA,"mature",47.9,31.7,1682,76,1.53045107661546,0.661795407098121,1606,"20260910T195140"
"male","CCM","486",NA,"inmature",49.4,31.8,1632,56,1.35375261219507,0.643724696356275,1576,"20260910T195140"
"male","CCM","1062",NA,"inmature",43.1,32,432,20,0.539575145275299,0.74245939675174,412,"20260910T195140"
"male","CCM","461",NA,"inmature",47.2,32,1582,58,1.50445943840412,0.677966101694915,1524,"20260910T195140"
"male","CCM","595",NA,"inmature",47.9,32.1,1322,NA,1.20288723144212,0.670146137787056,NA,"20260910T195140"
"male","CCM","509",NA,"inmature",49.1,32.1,1792,94,1.51388724164008,0.653767820773931,1698,"20260910T195140"
"male","CCM","513",NA,"inmature",45.6,32.5,1700,74,1.79289308991161,0.712719298245614,1626,"20260910T195140"
"male","CCM","1003",2021-12-13,"inmature",48.7,32.6,468,22,0.405190234087662,0.669404517453799,446,"20260910T195140"
"male","CCM","1004",2021-12-13,"inmature",49.9,32.6,462,24,0.371826500056953,0.653306613226453,438,"20260910T195140"
"male","CCM","465",NA,"inmature",51.1,32.6,1344,84,1.00724835853929,0.637964774951076,1260,"20260910T195140"
"male","CCM","464",NA,"inmature",49.2,33.3,564,28,0.473569578051521,0.676829268292683,536,"20260910T195140"
"male","CCM","504",NA,"inmature",52.9,33.4,342,16,0.231025059065238,0.631379962192817,326,"20260910T195140"
"male","CCM","1064",NA,"inmature",51,33.5,1388,58,1.04635472028104,0.656862745098039,1330,"20260910T195140"
"male","CCM","248",2021-01-25,"inmature",52,33.5,598,30,0.425295857988166,0.644230769230769,568,"20260910T195140"
"male","CCM","360",NA,"inmature",53.1,33.6,1500,62,1.00186151881365,0.632768361581921,1438,"20260910T195140"
"male","CCM","463",NA,"inmature",52.2,33.7,536,32,0.376836776974665,0.645593869731801,504,"20260910T195140"
"male","CCM","1100",2022-01-20,"inmature",49.4,33.9,1026,48,0.8510724142844,0.686234817813765,978,"20260910T195140"
"male","CCM","1054",NA,"inmature",51.5,34,946,58,0.692579207798471,0.660194174757282,888,"20260910T195140"
"male","CCM","359",NA,"inmature",51.9,34,566,32,0.404868843989793,0.655105973025048,534,"20260910T195140"
"male","CCM","468",NA,"inmature",53.3,34.2,1564,82,1.03289249450848,0.641651031894934,1482,"20260910T195140"
"male","CCM","207",2021-01-25,"inmature",47,34.3,736,40,0.708898798917388,0.729787234042553,696,"20260910T195140"
"male","CCM","476",NA,"inmature",49.4,34.3,1736,92,1.44002116101142,0.694331983805668,1644,"20260910T195140"
"male","CCM","590",NA,"inmature",52.5,34.5,1080,NA,0.746355685131195,0.657142857142857,NA,"20260910T195140"
"male","CCM","530",NA,"inmature",51.1,34.9,444,22,0.332751689874586,0.682974559686888,422,"20260910T195140"
"male","CCM","1052",NA,"mature",52.5,35,1732,56,1.19693337652521,0.666666666666667,1676,"20260910T195140"
"male","CCM","621",NA,"inmature",49.8,35.1,1576,80,1.27605144858073,0.704819277108434,1496,"20260910T195140"
"male","CCM","245",2021-01-25,"inmature",57.3,35.2,840,48,0.446493787142602,0.614310645724258,792,"20260910T195140"
"male","CCM","460",NA,"inmature",56.9,36.1,448,24,0.2431874813338,0.634446397188049,424,"20260910T195140"
"male","CCM","458",NA,"inmature",55.2,36.5,380,20,0.225926078128757,0.661231884057971,360,"20260910T195140"
"male","CCM","518",NA,"inmature",51.9,36.8,2436,90,1.74250972430942,0.709055876685935,2346,"20260910T195140"
"male","CCM","196",2021-01-25,"inmature",57.2,36.8,778,42,0.415710994467902,0.643356643356643,736,"20260910T195140"
"male","CCM","852",NA,"inmature",58,36.8,1942,102,0.995325761613842,0.63448275862069,1840,"20260910T195140"
"male","CCM","658",NA,"inmature",53.2,37,378,18,0.251048079240444,0.695488721804511,360,"20260910T195140"
"male","CCM","614",NA,"inmature",53.8,37,2156,84,1.3845285942144,0.687732342007435,2072,"20260910T195140"
"male","CCM","1018",2021-12-13,"mature",58.5,37.2,968,NA,0.483512558901557,0.635897435897436,NA,"20260910T195140"
"male","CCM","386",NA,"inmature",58.3,37.5,1476,88,0.744870360183728,0.643224699828473,1388,"20260910T195140"
"male","CCM","998",2021-08-30,"inmature",56.6,37.7,1256,78,0.69269227736793,0.666077738515901,1178,"20260910T195140"
"male","CCM","498",NA,"inmature",57.5,37.9,530,32,0.278786882551163,0.659130434782609,498,"20260910T195140"
"male","CCM","164",2021-01-25,"mature",60,38,1194,68,0.552777777777778,0.633333333333333,1126,"20260910T195140"
"male","CCM","678",NA,"mature",63,38,1606,86,0.642279251500718,0.603174603174603,1520,"20260910T195140"
"male","CCM","213",2021-01-25,"inmature",65,38,1194,74,0.434774692762858,0.584615384615385,1120,"20260910T195140"
"male","CCM","682",NA,"inmature",47.3,38.1,1286,NA,1.21522738118584,0.805496828752643,NA,"20260910T195140"
"male","CCM","616",NA,"inmature",58.9,38.6,1924,86,0.941584245541602,0.6553480475382,1838,"20260910T195140"
"male","CCM","1058",NA,"inmature",59.5,38.8,1560,72,0.740582936090897,0.652100840336134,1488,"20260910T195140"
"male","CCM","410",NA,"inmature",60,38.8,1420,72,0.657407407407407,0.646666666666667,1348,"20260910T195140"
"male","CCM","296",2021-01-25,"mature",59.5,39,1350,86,0.64088907930943,0.65546218487395,1264,"20260910T195140"
"male","CCM","309",2021-01-25,"inmature",61,39,1390,72,0.612386058745005,0.639344262295082,1318,"20260910T195140"
"male","CCM","1010",NA,"mature",59.5,39.1,1972,76,0.936172788443108,0.657142857142857,1896,"20260910T195140"
"male","CCM","246",2021-01-25,"inmature",59,39.3,986,54,0.480088032369424,0.666101694915254,932,"20260910T195140"
"male","CCM","630",NA,"inmature",49.1,39.4,NA,NA,NA,0.80244399185336,NA,"20260910T195140"
"male","CCM","618",NA,"inmature",61.5,39.5,968,70,0.416150106375147,0.642276422764228,898,"20260910T195140"
"male","CCM","674",NA,"mature",56,40,1838,82,1.04660167638484,0.714285714285714,1756,"20260910T195140"
"male","CCM","206",2021-01-25,"inmature",56.3,40,1282,74,0.718394238473725,0.710479573712256,1208,"20260910T195140"
"male","CCM","619",NA,"inmature",59.4,40.1,2420,120,1.15466507784752,0.675084175084175,2300,"20260910T195140"
"male","CCM","304",2021-01-25,"inmature",54.3,40.2,1620,72,1.0118485782094,0.740331491712707,1548,"20260910T195140"
"male","CCM","383",NA,"inmature",62,40.2,874,44,0.366721493068376,0.648387096774194,830,"20260910T195140"
"male","CCM","231",2021-01-25,"inmature",62.9,40.2,974,46,0.391387562496487,0.639109697933227,928,"20260910T195140"
"male","CCM","1020",2021-12-13,"inmature",62.7,40.3,866,NA,0.351330027366459,0.64274322169059,NA,"20260910T195140"
"male","CCM","187",2021-01-25,"mature",64.8,40.4,1002,58,0.368249956251023,0.623456790123457,944,"20260910T195140"
"male","CCM","539",NA,"inmature",57.6,40.5,294,18,0.153843758037551,0.703125,276,"20260910T195140"
"male","CCM","337",2021-01-25,"inmature",66,40.5,1502,74,0.522442051367671,0.613636363636364,1428,"20260910T195140"
"male","CCM","1070",NA,"inmature",57.3,40.6,1312,50,0.697380772298922,0.708551483420593,1262,"20260910T195140"
"male","CCM","588",NA,"inmature",61.8,40.6,1540,NA,0.652462108983271,0.656957928802589,NA,"20260910T195140"
"male","CCM","511",NA,"mature",62.1,40.6,435,18,0.181641239335921,0.65378421900161,417,"20260910T195140"
"male","CCM","228",2021-01-25,"mature",66.1,40.7,1370,62,0.474368878263134,0.615733736762481,1308,"20260910T195140"
"male","CCM","1126",2022-01-20,"inmature",61.4,40.8,1452,NA,0.627280089684118,0.664495114006515,NA,"20260910T195140"
"male","CCM","199",2021-01-25,"mature",62.1,40.8,1379,60,0.575823606998242,0.657004830917874,1319,"20260910T195140"
"male","CCM","456",NA,"inmature",63.1,40.8,728,44,0.289763248340903,0.646592709984152,684,"20260910T195140"
"male","CCM","252",2021-01-25,"inmature",65.2,40.8,1032,52,0.372337612887569,0.625766871165644,980,"20260910T195140"
"male","CCM","322",2021-01-25,"mature",60.7,40.9,1400,84,0.625982168817438,0.673805601317957,1316,"20260910T195140"
"male","CCM","1152",NA,"inmature",63,40.9,1216,NA,0.48630857398809,0.649206349206349,NA,"20260910T195140"
"male","CCM","301",2021-01-25,"mature",67,41,1254,58,0.416939583658894,0.611940298507463,1196,"20260910T195140"
"male","CCM","333",2021-01-25,"inmature",60.2,41.1,1544,78,0.707714057559008,0.682724252491694,1466,"20260910T195140"
"male","CCM","851",NA,"inmature",61,41.1,832,46,0.366550504227226,0.673770491803279,786,"20260910T195140"
"male","CCM","671",NA,"inmature",62,41.2,1522,58,0.638615689302138,0.664516129032258,1464,"20260910T195140"
"male","CCM","232",2021-01-25,"inmature",52.3,41.4,1194,78,0.834640126490061,0.791586998087954,1116,"20260910T195140"
"male","CCM","1009",2021-12-13,"mature",54.5,41.4,1034,72,0.638750174706512,0.759633027522936,962,"20260910T195140"
"male","CCM","190",2021-01-25,"mature",61.5,41.5,1234,NA,0.530505404201375,0.67479674796748,NA,"20260910T195140"
"male","CCM","994",2021-12-13,"mature",62.2,41.5,1060,46,0.440488638534724,0.667202572347267,1014,"20260910T195140"
"male","CCM","230",2021-01-25,"mature",67.6,41.5,1274,68,0.412410145087573,0.613905325443787,1206,"20260910T195140"
"male","CCM","1075",NA,"mature",53.9,41.6,1374,56,0.877446078112664,0.771799628942486,1318,"20260910T195140"
"male","CCM","677",NA,"inmature",61.1,41.6,1316,76,0.576942136618662,0.680851063829787,1240,"20260910T195140"
"male","CCM","373",NA,"mature",62.3,41.6,1544,60,0.638532719303618,0.667736757624398,1484,"20260910T195140"
"male","CCM","995",2021-12-13,"mature",62.5,41.8,1286,62,0.5267456,0.6688,1224,"20260910T195140"
"male","CCM","999",2021-12-13,"mature",63.4,41.9,312,16,0.122429709885851,0.660883280757098,296,"20260910T195140"
"male","CCM","327",2021-01-25,"mature",66.6,41.9,1315,56,0.445146604819792,0.629129129129129,1259,"20260910T195140"
"male","CCM","469",NA,"mature",67.6,42,1306,70,0.422768955639223,0.621301775147929,1236,"20260910T195140"
"male","CCM","319",2021-01-25,"mature",68,42,1400,66,0.445247303073479,0.617647058823529,1334,"20260910T195140"
"male","CCM","1073",NA,"inmature",65.9,42.1,1518,50,0.53041467081695,0.638846737481032,1468,"20260910T195140"
"male","CCM","484",NA,"mature",62,42.2,594,42,0.249236346547615,0.680645161290323,552,"20260910T195140"
"male","CCM","624",NA,"inmature",61.5,42.3,NA,NA,NA,0.68780487804878,NA,"20260910T195140"
"male","CCM","628",NA,"inmature",60.5,42.4,NA,NA,NA,0.700826446280992,NA,"20260910T195140"
"male","CCM","481",NA,"mature",59.1,42.5,510,24,0.247063013000005,0.71912013536379,486,"20260910T195140"
"male","CCM","340",2021-01-25,"mature",61.4,42.5,1300,72,0.561614405364568,0.692182410423453,1228,"20260910T195140"
"male","CCM","1103",2022-01-20,"mature",66,42.5,2094,74,0.728357959762918,0.643939393939394,2020,"20260910T195140"
"male","CCM","312",2021-01-25,"mature",66.5,42.5,1282,54,0.43593635567238,0.639097744360902,1228,"20260910T195140"
"male","CCM","198",2021-01-25,"mature",54.3,42.6,1456,62,0.909414524612895,0.784530386740332,1394,"20260910T195140"
"male","CCM","311",2021-01-25,"mature",55,42.6,1518,52,0.912396694214876,0.774545454545455,1466,"20260910T195140"
"male","CCM","331",2021-01-25,"inmature",62.4,42.6,1770,94,0.728483127244222,0.682692307692308,1676,"20260910T195140"
"male","CCM","315",2021-01-25,"mature",63,42.6,2012,14,0.804648726039505,0.676190476190476,1998,"20260910T195140"
"male","CCM","981",2021-12-13,"mature",64.8,42.6,1444,70,0.530691553719039,0.657407407407407,1374,"20260910T195140"
"male","CCM","365",NA,"inmature",66.8,42.6,986,36,0.330786310057643,0.637724550898204,950,"20260910T195140"
"male","CCM","264",2021-01-25,"mature",60.2,42.7,518,NA,0.237432565942724,0.709302325581395,NA,"20260910T195140"
"male","CCM","1101",2022-01-20,"inmature",63,42.7,1056,14,0.422320603726499,0.677777777777778,1042,"20260910T195140"
"male","CCM","845",NA,"mature",64.2,42.7,2052,84,0.775482983046309,0.665109034267913,1968,"20260910T195140"
"male","CCM","260",2021-01-25,"mature",66.3,42.7,1660,96,0.569596750240544,0.644042232277526,1564,"20260910T195140"
"male","CCM","234",2021-01-25,"mature",66.6,42.7,1384,68,0.468504107278016,0.641141141141141,1316,"20260910T195140"
"male","CCM","584",NA,"mature",65.5,42.8,1708,84,0.607804577305812,0.653435114503817,1624,"20260910T195140"
"male","CCM","993",2021-12-13,"inmature",64.8,42.9,1468,70,0.539511911952597,0.662037037037037,1398,"20260910T195140"
"male","CCM","1071",NA,"mature",68.8,42.9,1284,58,0.394275425434239,0.623546511627907,1226,"20260910T195140"
"male","CCM","323",2021-01-25,"mature",66,43,1450,68,0.504354843197818,0.651515151515151,1382,"20260910T195140"
"male","CCM","335",2021-01-25,"mature",64.5,43.2,1378,46,0.5135350299927,0.669767441860465,1332,"20260910T195140"
"male","CCM","667",NA,"mature",64.6,43.2,1474,66,0.546764022019293,0.668730650154799,1408,"20260910T195140"
"male","CCM","1067",NA,"mature",67.7,43.2,1568,44,0.505335783494272,0.638109305760709,1524,"20260910T195140"
"male","CCM","856",NA,"mature",66.9,43.3,1678,60,0.560419970844201,0.647234678624813,1618,"20260910T195140"
"male","CCM","268",2021-01-25,"mature",70.1,43.3,1760,NA,0.510926717981147,0.617689015691869,NA,"20260910T195140"
"male","CCM","220",2021-01-25,"inmature",60.8,43.4,1224,NA,0.54459127606065,0.713815789473684,NA,"20260910T195140"
"male","CCM","625",NA,"inmature",61.2,43.4,1076,NA,0.46941612591325,0.709150326797386,NA,"20260910T195140"
"male","CCM","363",NA,"inmature",63.4,43.4,1528,68,0.599591656107627,0.684542586750789,1460,"20260910T195140"
"male","CCM","1040",2021-12-13,"mature",66.4,43.4,1318,30,0.450205889605745,0.653614457831325,1288,"20260910T195140"
"male","CCM","687",NA,"mature",54.3,43.5,1946,104,1.21546748962685,0.801104972375691,1842,"20260910T195140"
"male","CCM","212",2021-01-25,"mature",64.5,43.5,1668,NA,0.621608439787971,0.674418604651163,NA,"20260910T195140"
"male","CCM","305",2021-01-25,"mature",65.4,43.5,1480,106,0.529088680782581,0.665137614678899,1374,"20260910T195140"
"male","CCM","1016",2021-12-13,"mature",65.9,43.5,1396,NA,0.487785823755246,0.660091047040971,NA,"20260910T195140"
"male","CCM","209",2021-01-25,"mature",66,43.5,1612,54,0.560703453265437,0.659090909090909,1558,"20260910T195140"
"male","CCM","297",2021-01-25,"mature",66,43.5,1488,80,0.517572418398865,0.659090909090909,1408,"20260910T195140"
"male","CCM","334",2021-01-25,"mature",66.7,43.5,1656,NA,0.558062487651898,0.652173913043478,NA,"20260910T195140"
"male","CCM","237",2021-01-25,"inmature",69.4,43.5,1568,NA,0.469102391481598,0.626801152737752,NA,"20260910T195140"
"male","CCM","374",NA,"mature",69.9,43.5,1570,78,0.459693248335056,0.622317596566524,1492,"20260910T195140"
"male","CCM","528",NA,"mature",53.5,43.6,322,23,0.210278333087083,0.814953271028037,299,"20260910T195140"
"male","CCM","962",2021-12-13,"mature",63.4,43.7,1298,NA,0.509338985358443,0.689274447949527,NA,"20260910T195140"
"male","CCM","661",NA,"mature",64.8,43.7,454,36,0.166851776584795,0.674382716049383,418,"20260910T195140"
"male","CCM","399",NA,"mature",67.6,43.7,1128,50,0.365148071945669,0.646449704142012,1078,"20260910T195140"
"male","CCM","300",2021-01-25,"mature",58,43.8,1422,96,0.72881216942064,0.755172413793103,1326,"20260910T195140"
"male","CCM","679",NA,"mature",66.2,43.8,1454,74,0.501176199185042,0.661631419939577,1380,"20260910T195140"
"male","CCM","472",NA,"mature",69.2,43.8,2180,112,0.657867164234739,0.632947976878613,2068,"20260910T195140"
"male","CCM","855",NA,"mature",69.2,43.8,1724,96,0.52025825281683,0.632947976878613,1628,"20260910T195140"
"male","CCM","342",2021-01-25,"mature",62.5,44,1628,68,0.6668288,0.704,1560,"20260910T195140"
"male","CCM","655",NA,"mature",64.3,44,2490,86,0.93662647238857,0.684292379471229,2404,"20260910T195140"
"male","CCM","341",2021-01-25,"inmature",65,44,1340,72,0.487938097405553,0.676923076923077,1268,"20260910T195140"
"male","CCM","189",2021-01-25,"mature",65.3,44,1558,70,0.559535839809443,0.673813169984686,1488,"20260910T195140"
"male","CCM","307",2021-01-25,"mature",66,44,1300,70,0.45218020424632,0.666666666666667,1230,"20260910T195140"
"male","CCM","1033",NA,"mature",66.8,44,1512,60,0.50725040649813,0.658682634730539,1452,"20260910T195140"
"male","CCM","681",NA,"mature",67.8,44,440,22,0.141176884908419,0.648967551622419,418,"20260910T195140"
"male","CCM","627",NA,"mature",66.3,44.1,NA,NA,NA,0.665158371040724,NA,"20260910T195140"
"male","CCM","510",NA,"mature",51.5,44.2,1328,86,0.972246498896797,0.858252427184466,1242,"20260910T195140"
"male","CCM","299",2021-01-25,"mature",58.7,44.2,1630,108,0.805885423768892,0.752981260647359,1522,"20260910T195140"
"male","CCM","367",NA,"mature",66.9,44.2,880,50,0.293903202826518,0.660687593423019,830,"20260910T195140"
"male","CCM","321",2021-01-25,"mature",66.1,44.3,1332,60,0.461211201347806,0.670196671709531,1272,"20260910T195140"
"male","CCM","626",NA,"mature",59.8,44.4,1404,NA,0.65654357528342,0.74247491638796,NA,"20260910T195140"
"male","CCM","647",2021-08-30,"inmature",66.3,44.4,NA,60,NA,0.669683257918552,NA,"20260910T195140"
"male","CCM","397",NA,"mature",67.3,44.4,1270,48,0.416637664693793,0.659732540861813,1222,"20260910T195140"
"male","CCM","160",2021-01-25,"mature",61.5,44.5,1742,86,0.74889822862139,0.723577235772358,1656,"20260910T195140"
"male","CCM","336",2021-01-25,"mature",61.5,44.5,1138,50,0.489234319271608,0.723577235772358,1088,"20260910T195140"
"male","CCM","648",2021-08-30,"inmature",62.4,44.5,1.78,0.084,0.000732598851126958,0.713141025641026,1.696,"20260910T195140"
"male","CCM","1022",2021-12-13,"mature",64,44.5,1726,88,0.658416748046875,0.6953125,1638,"20260910T195140"
"male","CCM","324",2021-01-25,"mature",64.5,44.5,1740,108,0.648440458771625,0.689922480620155,1632,"20260910T195140"
"male","CCM","1036",2021-12-13,"mature",67.3,44.5,1550,70,0.508494787618409,0.661218424962853,1480,"20260910T195140"
"male","CCM","684",NA,"mature",68.2,44.5,1420,60,0.447646528011917,0.652492668621701,1360,"20260910T195140"
"male","CCM","170",2021-01-25,"mature",68.5,44.5,1598,94,0.497170166834348,0.64963503649635,1504,"20260910T195140"
"male","CCM","587",NA,"mature",69.4,44.5,1064,66,0.318319479933942,0.641210374639769,998,"20260910T195140"
"male","CCM","330",2021-01-25,"mature",70.2,44.5,1086,NA,0.313919640873156,0.633903133903134,NA,"20260910T195140"
"male","CCM","267",2021-01-25,"inmature",69.7,44.6,1674,NA,0.494375704088534,0.639885222381636,NA,"20260910T195140"
"male","CCM","600",NA,"inmature",66.6,44.7,78,NA,0.0264041332136454,0.671171171171171,NA,"20260910T195140"
"male","CCM","219",2021-01-25,"mature",68.5,44.7,1496,62,0.465435900866198,0.652554744525548,1434,"20260910T195140"
"male","CCM","412",NA,"mature",54.1,44.8,1658,86,1.04711102163863,0.828096118299445,1572,"20260910T195140"
"male","CCM","172",2021-01-25,"inmature",65.4,44.8,1590,110,0.568412839489394,0.685015290519878,1480,"20260910T195140"
"male","CCM","269",2021-01-25,"mature",74.6,44.8,1240,72,0.298679353589279,0.600536193029491,1168,"20260910T195140"
"male","CCM","194",2021-01-25,"mature",66.5,44.9,1790,90,0.608678686937254,0.675187969924812,1700,"20260910T195140"
"male","CCM","591",NA,"inmature",67.1,44.9,1346,NA,0.445530560713683,0.669150521609538,NA,"20260910T195140"
"male","CCM","325",2021-01-25,"mature",61,45,1328,72,0.585070997131919,0.737704918032787,1256,"20260910T195140"
"male","CCM","353",NA,"mature",63.2,45,1684,114,0.667099864310937,0.712025316455696,1570,"20260910T195140"
"male","CCM","173",2021-01-25,"mature",68,45,1634,80,0.519667209444331,0.661764705882353,1554,"20260910T195140"
"male","CCM","183",2021-01-25,"mature",69.5,45,1642,72,0.48912373646448,0.647482014388489,1570,"20260910T195140"
"male","CCM","355",NA,"mature",57,45.1,1748,56,0.9438801682569,0.791228070175439,1692,"20260910T195140"
"male","CCM","991",2021-12-13,"mature",62,45.1,1466,86,0.615118659997986,0.72741935483871,1380,"20260910T195140"
"male","CCM","537",NA,"mature",65.3,45.1,772,46,0.277253959135359,0.690658499234303,726,"20260910T195140"
"male","CCM","986",2021-12-13,"inmature",66.5,45.1,1384,80,0.470620839509028,0.678195488721805,1304,"20260910T195140"
"male","CCM","1049",NA,"mature",66.6,45.1,64.4,NA,0.0218003356276765,0.677177177177177,NA,"20260910T195140"
"male","CCM","377",NA,"mature",67.3,45.1,1300,NA,0.426479499292859,0.670133729569094,NA,"20260910T195140"
"male","CCM","593",NA,"mature",69.7,45.2,1764,NA,0.520955043018025,0.648493543758967,NA,"20260910T195140"
"male","CCM","338",2021-01-25,"mature",72.7,45.2,1560,78,0.405995636332875,0.621733149931224,1482,"20260910T195140"
"male","CCM","1030",2021-12-13,"mature",59.6,45.3,1420,44,0.6707328317335,0.76006711409396,1376,"20260910T195140"
"male","CCM","672",NA,"mature",64,45.3,1808,92,0.689697265625,0.7078125,1716,"20260910T195140"
"male","CCM","683",NA,"mature",66.2,45.3,1704,78,0.587348172910118,0.68429003021148,1626,"20260910T195140"
"male","CCM","339",2021-01-25,"mature",59.5,45.5,1410,70,0.669373038389849,0.764705882352941,1340,"20260910T195140"
"male","CCM","1034",2021-12-13,"mature",63.4,45.5,1238,NA,0.485794810380394,0.717665615141956,NA,"20260910T195140"
"male","CCM","167",2021-01-25,"mature",66,45.5,1656,54,0.576008014024543,0.689393939393939,1602,"20260910T195140"
"male","CCM","1035",2021-12-13,"mature",67.3,45.5,1234,8,0.404827463174914,0.676077265973254,1226,"20260910T195140"
"male","CCM","462",NA,"mature",67.9,45.5,568,26,0.181442496533242,0.670103092783505,542,"20260910T195140"
"male","CCM","204",2021-01-25,"mature",68,45.5,1444,62,0.459240789741502,0.669117647058823,1382,"20260910T195140"
"male","CCM","176",2021-01-25,"mature",68.1,45.5,1470,66,0.465453177039476,0.668135095447871,1404,"20260910T195140"
"male","CCM","964",2021-12-13,"mature",69.1,45.5,1130,50,0.342487165619286,0.658465991316932,1080,"20260910T195140"
"male","CCM","987",2021-12-13,"mature",69.1,45.5,1550,76,0.469783280274242,0.658465991316932,1474,"20260910T195140"
"male","CCM","990",2021-12-13,"mature",60.6,45.6,1472,74,0.661439211921061,0.752475247524752,1398,"20260910T195140"
"male","CCM","697",NA,"mature",63.7,45.6,18,NA,0.00696392697048947,0.71585557299843,NA,"20260910T195140"
"male","CCM","992",2021-12-13,"mature",64.1,45.6,1054,44,0.40019026731119,0.711388455538222,1010,"20260910T195140"
"male","CCM","694",NA,"mature",65.7,45.6,1650,42,0.581818914236835,0.694063926940639,1608,"20260910T195140"
"male","CCM","413",NA,"mature",66.5,45.6,1116,30,0.379489058448031,0.685714285714286,1086,"20260910T195140"
"male","CCM","1074",NA,"mature",66.6,45.6,1132,40,0.383198446126239,0.684684684684685,1092,"20260910T195140"
"male","CCM","1065",NA,"mature",66.7,45.6,1628,64,0.548626648488702,0.683658170914543,1564,"20260910T195140"
"male","CCM","1118",2022-01-20,"mature",66.7,45.6,1298,138,0.437418544065317,0.683658170914543,1160,"20260910T195140"
"male","CCM","1069",NA,"mature",67.1,45.6,1102,58,0.364765733957265,0.679582712369598,1044,"20260910T195140"
"male","CCM","496",NA,"mature",67.8,45.6,446,40,0.14310202424808,0.672566371681416,406,"20260910T195140"
"male","CCM","1072",NA,"inmature",65.5,45.7,1260,70,0.448380425881337,0.697709923664122,1190,"20260910T195140"
"male","CCM","848",NA,"mature",67.4,45.7,2062,98,0.67345560430419,0.678041543026706,1964,"20260910T195140"
"male","CCM","224",2021-01-25,"mature",67.6,45.7,1722,56,0.557433492810675,0.67603550295858,1666,"20260910T195140"
"male","CCM","983",2021-12-13,"mature",68.5,45.7,1902,66,0.591750724229618,0.667153284671533,1836,"20260910T195140"
"male","CCM","988",2021-12-13,"mature",69.8,45.7,1304,80,0.383452279210942,0.654727793696275,1224,"20260910T195140"
"male","CCM","1116",2022-01-20,"mature",65.2,45.8,1130,NA,0.407695254421466,0.702453987730061,NA,"20260910T195140"
"male","CCM","585",NA,"mature",68.9,45.8,2140,106,0.654268644766181,0.664731494920174,2034,"20260910T195140"
"male","CCM","310",2021-01-25,"mature",54.4,46,1372,77,0.85223116603908,0.845588235294118,1295,"20260910T195140"
"male","CCM","379",NA,"mature",62.2,46,1642,72,0.68234183440945,0.739549839228296,1570,"20260910T195140"
"male","CCM","1077",NA,"mature",63.6,46,1460,68,0.567520441308871,0.723270440251572,1392,"20260910T195140"
"male","CCM","361",NA,"mature",66,46,1408,94,0.489745944291399,0.696969696969697,1314,"20260910T195140"
"male","CCM","1097",2022-01-20,"mature",67.3,46,1212,44,0.397610117802266,0.683506686478455,1168,"20260910T195140"
"male","CCM","1236",NA,"mature",67.8,46,NA,NA,NA,0.678466076696165,NA,"20260910T195140"
"male","CCM","191",2021-01-25,"mature",68,46,1942,100,0.617621616120497,0.676470588235294,1842,"20260910T195140"
"male","CCM","380",NA,"mature",68,46,1094,52,0.347928963973132,0.676470588235294,1042,"20260910T195140"
"male","CCM","1096",2022-01-20,"mature",70.2,46,138,38,0.0398903411054286,0.655270655270655,100,"20260910T195140"
"male","CCM","646",2021-08-30,"mature",65.6,46.1,1.262,0.072,0.000447041494972505,0.702743902439025,1.19,"20260910T195140"
"male","CCM","989",2021-12-13,"mature",66.8,46.1,1332,66,0.446863453343591,0.690119760479042,1266,"20260910T195140"
"male","CCM","1086",2022-01-17,"inmature",68.5,46.1,1774,NA,0.551927331642135,0.672992700729927,NA,"20260910T195140"
"male","CCM","364",NA,"mature",70.3,46.1,1224,64,0.352302271019592,0.655761024182077,1160,"20260910T195140"
"male","CCM","466",NA,"mature",59.8,46.2,1694,74,0.792154427728001,0.77257525083612,1620,"20260910T195140"
"male","CCM","670",NA,"mature",65.2,46.3,1074,66,0.387490887830668,0.710122699386503,1008,"20260910T195140"
"male","CCM","633",NA,"mature",65.4,46.3,NA,NA,NA,0.707951070336391,NA,"20260910T195140"
"male","CCM","985",2021-12-13,"mature",68.6,46.3,1478,62,0.457827722810504,0.674927113702624,1416,"20260910T195140"
"male","CCM","1059",NA,"mature",69.5,46.4,430,16,0.128089650840272,0.667625899280575,414,"20260910T195140"
"male","CCM","673",NA,"mature",70.6,46.4,1059,68,0.300941344525676,0.657223796033994,991,"20260910T195140"
"male","CCM","352",NA,"mature",72.3,46.4,1325,80,0.350591180210225,0.641770401106501,1245,"20260910T195140"
"male","CCM","1041",2021-12-13,"mature",72.3,46.4,1912,66,0.505909687971283,0.641770401106501,1846,"20260910T195140"
"male","CCM","480",NA,"mature",60.9,46.5,1402,86,0.620720567233758,0.763546798029557,1316,"20260910T195140"
"male","CCM","1087",2022-01-17,"inmature",61,46.5,1544,NA,0.680233147267833,0.762295081967213,NA,"20260910T195140"
"male","CCM","696",NA,"mature",61.9,46.5,1420,68,0.598709841848308,0.751211631663974,1352,"20260910T195140"
"male","CCM","636",NA,"mature",62.9,46.5,NA,NA,NA,0.739268680445151,NA,"20260910T195140"
"male","CCM","669",NA,"mature",67.5,46.5,1718,70,0.558614032413758,0.688888888888889,1648,"20260910T195140"
"male","CCM","1099",2022-01-20,"mature",70,46.5,460,NA,0.134110787172012,0.664285714285714,NA,"20260910T195140"
"male","CCM","622",NA,"mature",72,46.5,1450,NA,0.388481652949246,0.645833333333333,NA,"20260910T195140"
"male","CCM","1068",NA,"mature",73,46.5,1558,56,0.400496636393782,0.636986301369863,1502,"20260910T195140"
"male","CCM","1107",2022-01-20,"mature",64.6,46.6,1482,NA,0.549731533672043,0.721362229102167,NA,"20260910T195140"
"male","CCM","596",NA,"inmature",66.6,46.6,1574,NA,0.53282186767023,0.6996996996997,NA,"20260910T195140"
"male","CCM","1113",2022-01-20,"mature",67.7,46.6,1274,NA,0.410585324089096,0.688330871491876,NA,"20260910T195140"
"male","CCM","1685",NA,"mature",71,46.6,NA,NA,NA,0.656338028169014,NA,"20260910T195140"
"male","CCM","857",NA,"mature",71.8,46.6,436,16,0.117791284175493,0.649025069637883,420,"20260910T195140"
"male","CCM","389",NA,"mature",72.4,46.6,1714,74,0.451642828919509,0.643646408839779,1640,"20260910T195140"
"male","CCM","996",2021-12-13,"mature",62.6,46.7,1360,60,0.554390664817785,0.746006389776358,1300,"20260910T195140"
"male","CCM","515",NA,"mature",65.4,46.7,612,32,0.218785319350635,0.714067278287462,580,"20260910T195140"
"male","CCM","1024",NA,"mature",67.1,46.7,1436,6,0.47532086566482,0.695976154992549,1430,"20260910T195140"
"male","CCM","503",NA,"mature",71.2,46.8,590,40,0.163460201796107,0.657303370786517,550,"20260910T195140"
"male","CCM","318",2021-01-25,"mature",62,46.9,1050,50,0.440569299452855,0.756451612903226,1000,"20260910T195140"
"male","CCM","1032",2021-12-13,"mature",64.1,46.9,1448,50,0.54978700860209,0.731669266770671,1398,"20260910T195140"
"male","CCM","387",NA,"inmature",70.5,46.9,NA,NA,NA,0.665248226950355,NA,"20260910T195140"
"male","CCM","1039",2021-12-13,"mature",63.8,47,1156,64,0.44513915589109,0.736677115987461,1092,"20260910T195140"
"male","CCM","308",2021-01-25,"mature",64,47,1050,64,0.400543212890625,0.734375,986,"20260910T195140"
"male","CCM","982",2021-12-13,"mature",67.5,47,1494,94,0.485779606767261,0.696296296296296,1400,"20260910T195140"
"male","CCM","328",2021-01-25,"inmature",71.1,47,1465,74,0.40759497621636,0.661040787623066,1391,"20260910T195140"
"male","CCM","693",NA,"mature",71.3,47,1428,54,0.393966793625961,0.659186535764376,1374,"20260910T195140"
"male","CCM","317",2021-01-25,"mature",72,47,1278,18,0.342399691358025,0.652777777777778,1260,"20260910T195140"
"male","CCM","1031",2021-12-13,"mature",72.5,47,1428,82,0.374726311041863,0.648275862068965,1346,"20260910T195140"
"male","CCM","332",2021-01-25,"mature",74,47,1200,70,0.296132509426885,0.635135135135135,1130,"20260910T195140"
"male","CCM","467",NA,"mature",66.6,47.1,626,32,0.211910094765924,0.707207207207207,594,"20260910T195140"
"male","CCM","664",NA,"mature",67.3,47.2,NA,78,NA,0.701337295690936,NA,"20260910T195140"
"male","CCM","676",NA,"mature",70.7,47.2,1360,78,0.384840408507754,0.667609618104668,1282,"20260910T195140"
"male","CCM","251",2021-01-25,"mature",71.5,47.2,1852,116,0.506667277658524,0.66013986013986,1736,"20260910T195140"
"male","CCM","222",2021-01-25,"mature",76.7,47.2,1832,88,0.406012474737719,0.615384615384615,1744,"20260910T195140"
"male","CCM","599",NA,"mature",67.4,47.3,1220,NA,0.398455789161548,0.701780415430267,NA,"20260910T195140"
"male","CCM","354",NA,"inmature",70.8,47.3,1692,88,0.476760850265444,0.668079096045198,1604,"20260910T195140"
"male","CCM","478",NA,"mature",64.2,47.5,2196,118,0.829902841505699,0.7398753894081,2078,"20260910T195140"
"male","CCM","635",NA,"mature",66.5,47.5,NA,NA,NA,0.714285714285714,NA,"20260910T195140"
"male","CCM","617",NA,"mature",68.8,47.5,946,70,0.290486411573824,0.690406976744186,876,"20260910T195140"
"male","CCM","1053",NA,"mature",74.1,47.5,540,28,0.13272084433285,0.641025641025641,512,"20260910T195140"
"male","CCM","666",NA,"mature",67,47.7,1472,44,0.489421903625113,0.711940298507463,1428,"20260910T195140"
"male","CCM","514",NA,"mature",67.5,47.7,1614,90,0.524798049077885,0.706666666666667,1524,"20260910T195140"
"male","CCM","984",2021-12-13,"mature",76.5,47.8,1484,NA,0.331474096466445,0.62483660130719,NA,"20260910T195140"
"male","CCM","660",NA,"mature",68.1,47.9,1652,74,0.523080713244364,0.703377386196769,1578,"20260910T195140"
"male","CCM","357",NA,"mature",70.2,47.9,694,36,0.200607947298315,0.682336182336182,658,"20260910T195140"
"male","CCM","490",NA,"mature",73.6,47.9,2228,100,0.558832613318813,0.650815217391304,2128,"20260910T195140"
"male","CCM","649",2021-08-30,"mature",69,48,1268,66,0.38598638089063,0.695652173913043,1202,"20260910T195140"
"male","CCM","236",2021-01-25,"mature",72,48,1606,83,0.430276920438957,0.666666666666667,1523,"20260910T195140"
"male","CCM","695",NA,"mature",72.3,48,1714,56,0.453519458777604,0.663900414937759,1658,"20260910T195140"
"male","CCM","479",NA,"mature",71.8,48.1,1430,52,0.386333799015952,0.66991643454039,1378,"20260910T195140"
"male","CCM","689",NA,"mature",72.7,48.1,1918,80,0.499166429799009,0.66162310866575,1838,"20260910T195140"
"male","CCM","692",NA,"mature",73.5,48.1,1854,82,0.466925629060454,0.654421768707483,1772,"20260910T195140"
"male","CCM","487",NA,"mature",63.7,48.2,438,18,0.16945555628191,0.756671899529042,420,"20260910T195140"
"male","CCM","1084",2022-01-17,"mature",67.8,48.3,1110,64,0.356150777837149,0.712389380530973,1046,"20260910T195140"
"male","CCM","675",NA,"mature",70.7,48.3,1660,74,0.469731675090347,0.683168316831683,1586,"20260910T195140"
"male","CCM","1015",2021-12-13,"mature",71.2,48.3,1452,68,0.402278327132115,0.678370786516854,1384,"20260910T195140"
"male","CCM","1115",2022-01-20,"mature",73.1,48.3,1026,NA,0.262660780174045,0.660738714090287,NA,"20260910T195140"
"male","CCM","417",NA,"mature",76.6,48.4,1142,70,0.254085449283681,0.631853785900783,1072,"20260910T195140"
"male","CCM","1017",2021-12-13,"mature",63.2,48.5,826,28,0.327211691164391,0.767405063291139,798,"20260910T195140"
"male","CCM","847",NA,"mature",73.3,48.5,1636,84,0.415404670789297,0.661664392905866,1552,"20260910T195140"
"male","CCM","1066",NA,"mature",74.5,48.5,1528,82,0.369534113131732,0.651006711409396,1446,"20260910T195140"
"male","CCM","1123",2022-01-20,"mature",63.4,48.6,868,44,0.340605731349097,0.766561514195584,824,"20260910T195140"
"male","CCM","502",NA,"mature",74.4,48.7,1736,94,0.421532354414768,0.654569892473118,1642,"20260910T195140"
"male","CCM","690",NA,"mature",67.5,48.9,1988,80,0.646405527612661,0.724444444444444,1908,"20260910T195140"
"male","CCM","631",NA,"mature",72.2,48.9,NA,NA,NA,0.677285318559557,NA,"20260910T195140"
"male","CCM","1105",2022-01-20,"inmature",65.5,49,1550,16,0.551579095330216,0.748091603053435,1534,"20260910T195140"
"male","CCM","665",NA,"mature",68.8,49,1944,84,0.596940363741557,0.712209302325581,1860,"20260910T195140"
"male","CCM","1090",2022-01-20,"mature",74,49.1,1376,50,0.339565277476161,0.663513513513514,1326,"20260910T195140"
"male","CCM","663",NA,"mature",68.2,49.2,2182,76,0.687862481776058,0.721407624633431,2106,"20260910T195140"
"male","CCM","902",2021-11-15,"mature",76.3,49.2,1126,NA,0.253492302783895,0.644823066841416,NA,"20260910T195140"
"male","CCM","849",NA,"mature",74.6,49.3,1106,60,0.266402713765921,0.660857908847185,1046,"20260910T195140"
"male","CCM","598",NA,"mature",70.5,49.4,1672,102,0.477165375116696,0.700709219858156,1570,"20260910T195140"
"male","CCM","583",NA,"mature",73.6,49.4,1230,58,0.30851172099737,0.671195652173913,1172,"20260910T195140"
"male","CCM","853",NA,"mature",69.4,49.5,1288,52,0.385334107288456,0.713256484149856,1236,"20260910T195140"
"male","CCM","581",NA,"mature",73.4,49.5,2042,82,0.516377794172843,0.674386920980926,1960,"20260910T195140"
"male","CCM","546",NA,"mature",60.1,49.6,424,26,0.195318077354628,0.825291181364393,398,"20260910T195140"
"male","CCM","997",2021-12-13,"mature",72.1,49.7,836,46,0.223049104145551,0.689320388349515,790,"20260910T195140"
"male","CCM","645",2021-08-30,"mature",59.7,49.8,1.54,0.082,0.000723765249786685,0.834170854271357,1.458,"20260910T195140"
"male","CCM","416",NA,"inmature",57,49.9,1606,90,0.867203404016351,0.875438596491228,1516,"20260910T195140"
"male","CCM","1038",2021-12-13,"mature",72,49.9,1474,70,0.394911694101509,0.693055555555556,1404,"20260910T195140"
"male","CCM","637",NA,"inmature",70.4,50,1.884,0.066,0.000539961656531743,0.710227272727273,1.818,"20260910T195140"
"male","CCM","1114",2022-01-20,"mature",70.2,50.1,1258,NA,0.363638037033545,0.713675213675214,NA,"20260910T195140"
"male","CCM","623",NA,"mature",70.7,50.1,1020,NA,0.288630306380816,0.708628005657709,NA,"20260910T195140"
"male","CCM","589",NA,"mature",72.9,50.1,718,36,0.185328350045008,0.687242798353909,682,"20260910T195140"
"male","CCM","1023",2021-12-13,"mature",61.5,50.2,1264,54,0.543402618241927,0.816260162601626,1210,"20260910T195140"
"male","CCM","1110",2022-01-20,"mature",72.7,50.2,2708,NA,0.704766784095786,0.69050894085282,NA,"20260910T195140"
"male","CCM","1104",2022-01-20,"mature",73.3,50.2,NA,38,NA,0.684856753069577,NA,"20260910T195140"
"male","CCM","629",NA,"mature",73.9,50.2,836,60,0.207144288056096,0.679296346414073,776,"20260910T195140"
"male","CCM","643",2021-08-30,"mature",74.9,50.4,NA,72,NA,0.672897196261682,NA,"20260910T195140"
"male","CCM","1047",2021-12-13,"mature",77,50.4,1398,42,0.306221017976795,0.654545454545455,1356,"20260910T195140"
"male","CCM","545",NA,"mature",68.8,50.5,1720,102,0.528157111952407,0.734011627906977,1618,"20260910T195140"
"male","CCM","1037",2021-12-13,"mature",71.3,50.5,1398,46,0.385690180314491,0.708274894810659,1352,"20260910T195140"
"male","CCM","846",NA,"mature",74.8,50.5,1804,66,0.431054059646107,0.675133689839572,1738,"20260910T195140"
"male","CCM","632",NA,"mature",71,50.7,NA,NA,NA,0.714084507042254,NA,"20260910T195140"
"male","CCM","192",2021-01-25,"mature",77.3,51,2138,76,0.462880855656349,0.659767141009056,2062,"20260910T195140"
"male","CCM","491",NA,"mature",71.9,51.2,334,22,0.0898586305551698,0.712100139082058,312,"20260910T195140"
"male","CCM","843",NA,"mature",76.1,51.3,1350,NA,0.306323135088133,0.674113009198423,NA,"20260910T195140"
"male","CCM","388",NA,"mature",76.8,51.3,1556,86,0.34349936026114,0.66796875,1470,"20260910T195140"
"male","CCM","1149",NA,"inmature",73.4,51.4,962,64,0.243269068557431,0.700272479564033,898,"20260910T195140"
"male","CCM","644",2021-08-30,"mature",76,51.5,1.886,0.082,0.000429636244350488,0.677631578947368,1.804,"20260910T195140"
"male","CCM","594",NA,"mature",78.6,51.7,486,26,0.10008491649137,0.657760814249364,460,"20260910T195140"
"male","CCM","615",NA,"mature",80.3,51.7,884,52,0.170728344518876,0.643835616438356,832,"20260910T195140"
"male","CCM","475",NA,"mature",68,52.1,684,34,0.217535110930185,0.766176470588235,650,"20260910T195140"
"male","CCM","620",NA,"mature",77.4,52.3,580,36,0.125084965040823,0.675710594315245,544,"20260910T195140"
"male","CCM","586",NA,"mature",78.2,52.4,1264,40,0.264318045807689,0.670076726342711,1224,"20260910T195140"
"male","CCM","521",NA,"mature",80.5,54.2,400,22,0.0766782778346342,0.673291925465838,378,"20260910T195140"
"male","CCM","1109",2022-01-20,"mature",72.4,54.8,133,NA,0.0350457971098569,0.756906077348066,NA,"20260910T195140"
"male","CCM","223",2021-01-25,"mature",81.5,55,2648,106,0.489153487839396,0.674846625766871,2542,"20260910T195140"
"male","CCM","1111",2022-01-20,"mature",78.2,56.7,1110,NA,0.232114739593778,0.725063938618926,NA,"20260910T195140"
"male","CCM","1108",2022-01-20,"mature",69.8,NA,1602,NA,0.47108171111651,NA,NA,"20260910T195140"
"male","CCM","657",NA,"mature",72,NA,774,44,0.207368827160494,NA,730,"20260910T195140"
"male","CCM","1237",NA,"mature",73.8,NA,1097,NA,0.272921369646713,NA,NA,"20260910T195140"
"female","CCM","2",NA,"mature",60.5,45,NA,NA,NA,0.743801652892562,NA,"20260910T195140"
"female","CCM","3",NA,"inmature",51,33,NA,NA,NA,0.647058823529412,NA,"20260910T195140"
"female","CCM","5",2020-01-29,"inmature",38.4,26.35,NA,NA,NA,0.686197916666667,NA,"20260910T195140"
"female","CCM","10",NA,"mature",74.9,58.6,NA,NA,NA,0.78237650200267,NA,"20260910T195140"
"female","CCM","16",NA,"inmature",33.1,23.3,NA,NA,NA,0.70392749244713,NA,"20260910T195140"
"female","CCM","158",2021-01-25,"inmature",68,47,1452,88,0.461785060044779,0.691176470588235,1364,"20260910T195140"
"female","CCM","159",2021-01-25,"mature",72,58,2950,NA,0.790359224965706,0.805555555555556,NA,"20260910T195140"
"female","CCM","161",2021-01-25,"inmature",55,38.5,992,40,0.596243425995492,0.7,952,"20260910T195140"
"female","CCM","162",2021-01-25,"inmature",44.3,29,370,14,0.425589147946026,0.654627539503386,356,"20260910T195140"
"female","CCM","163",2021-01-25,"inmature",44,29,388,20,0.455484598046582,0.659090909090909,368,"20260910T195140"
"female","CCM","165",2021-01-25,"mature",86,55.5,2962,206,0.465682266970204,0.645348837209302,2756,"20260910T195140"
"female","CCM","166",2021-01-25,"inmature",62,41.5,1140,60,0.4783323822631,0.669354838709677,1080,"20260910T195140"
"female","CCM","168",2021-01-25,"inmature",66.2,47.3,1594,88,0.549432504471084,0.714501510574018,1506,"20260910T195140"
"female","CCM","169",2021-01-25,"mature",70.5,36,2326,176,0.66380781251282,0.51063829787234,2150,"20260910T195140"
"female","CCM","171",2021-01-25,"mature",60,43,2172,122,1.00555555555556,0.716666666666667,2050,"20260910T195140"
"female","CCM","174",2021-01-25,"inmature",74.3,35.2,1198,112,0.292072304122593,0.473755047106326,1086,"20260910T195140"
"female","CCM","175",2021-01-25,"inmature",69.2,46.3,1974,96,0.595701734953842,0.66907514450867,1878,"20260910T195140"
"female","CCM","177",2021-01-25,"inmature",50,33.4,676,34,0.5408,0.668,642,"20260910T195140"
"female","CCM","178",2021-01-25,"inmature",63,45,1540,92,0.615884213767812,0.714285714285714,1448,"20260910T195140"
"female","CCM","179",2021-01-25,"inmature",60.9,39.4,966,66,0.427686211089736,0.64696223316913,900,"20260910T195140"
"female","CCM","180",2021-01-25,"inmature",60,39.5,862,NA,0.399074074074074,0.658333333333333,NA,"20260910T195140"
"female","CCM","181",2021-01-25,"mature",90.5,61.2,3788,NA,0.511050988567629,0.676243093922652,NA,"20260910T195140"
"female","CCM","182",2021-01-25,"inmature",71.2,46.1,1744,122,0.483177274461714,0.647471910112359,1622,"20260910T195140"
"female","CCM","184",2021-01-25,"mature",80.2,53,2802,80,0.543181570082728,0.660847880299252,2722,"20260910T195140"
"female","CCM","185",2021-01-25,"inmature",73.7,45.6,1762,100,0.440152771181488,0.618724559023066,1662,"20260910T195140"
"female","CCM","186",2021-01-25,"mature",68.5,44.3,1684,84,0.523926508729062,0.646715328467153,1600,"20260910T195140"
"female","CCM","188",2021-01-25,"mature",85.7,62.5,4448,185,0.706679206642585,0.72928821470245,4263,"20260910T195140"
"female","CCM","193",2021-01-25,"inmature",72,52.3,2670,158,0.7153420781893,0.726388888888889,2512,"20260910T195140"
"female","CCM","195",2021-01-25,"inmature",62.6,38.5,1300,70,0.529932253134647,0.615015974440895,1230,"20260910T195140"
"female","CCM","197",2021-01-25,"mature",73.7,51.8,2582,118,0.644991177747221,0.702849389416554,2464,"20260910T195140"
"female","CCM","200",2021-01-25,"inmature",57.5,42,1996,68,1.0499219199474,0.730434782608696,1928,"20260910T195140"
"female","CCM","201",2021-01-25,"inmature",72,49,2714,170,0.72713048696845,0.680555555555556,2544,"20260910T195140"
"female","CCM","202",2021-01-25,"mature",55.2,35.4,910,NA,0.541033502887288,0.641304347826087,NA,"20260910T195140"
"female","CCM","203",2021-01-25,"inmature",60,39,1232,70,0.57037037037037,0.65,1162,"20260910T195140"
"female","CCM","205",2021-01-25,"inmature",79.4,50.6,2716,164,0.542585593436731,0.63727959697733,2552,"20260910T195140"
"female","CCM","208",2021-01-25,"mature",69.7,51,2052,122,0.606008927592397,0.731707317073171,1930,"20260910T195140"
"female","CCM","210",2021-01-25,"inmature",62.5,45,2372,NA,0.9715712,0.72,NA,"20260910T195140"
"female","CCM","211",2021-01-25,"mature",88,63.5,4872,256,0.714922990232908,0.721590909090909,4616,"20260910T195140"
"female","CCM","214",2021-01-25,"mature",82,58,3126,NA,0.566953468463893,0.707317073170732,NA,"20260910T195140"
"female","CCM","215",2021-01-25,"mature",71.5,58,2702,170,0.739208954769618,0.811188811188811,2532,"20260910T195140"
"female","CCM","216",2021-01-25,"mature",80.2,54,2848,126,0.552098897785728,0.673316708229426,2722,"20260910T195140"
"female","CCM","217",2021-01-25,"inmature",66,43.8,1856,98,0.645574199293208,0.663636363636364,1758,"20260910T195140"
"female","CCM","218",2021-01-25,"mature",74.5,50.5,2024,134,0.4894875948813,0.677852348993289,1890,"20260910T195140"
"female","CCM","221",2021-01-25,"inmature",64.5,40.8,1258,74,0.468814998353278,0.632558139534884,1184,"20260910T195140"
"female","CCM","225",2021-01-25,"inmature",55.5,32.6,NA,NA,NA,0.587387387387387,NA,"20260910T195140"
"female","CCM","226",2021-01-25,"inmature",68,43.6,1771,100,0.56323783838795,0.641176470588235,1671,"20260910T195140"
"female","CCM","227",2021-01-25,"inmature",75.5,49.8,2218,122,0.515371842352679,0.659602649006622,2096,"20260910T195140"
"female","CCM","229",2021-01-25,"inmature",61.3,39.7,976,56,0.423709687979187,0.647634584013051,920,"20260910T195140"
"female","CCM","233",2021-01-25,"inmature",74.4,47.5,1870,106,0.4540699900666,0.638440860215054,1764,"20260910T195140"
"female","CCM","235",2021-01-25,"inmature",73,50.3,2088,96,0.536737469056622,0.689041095890411,1992,"20260910T195140"
"female","CCM","238",2021-01-25,"inmature",72,47,2082,116,0.557806069958848,0.652777777777778,1966,"20260910T195140"
"female","CCM","239",2021-01-25,"inmature",77,47.4,2195,104,0.480797664133809,0.615584415584416,2091,"20260910T195140"
"female","CCM","240",2021-01-25,"mature",78.4,52.2,2640,NA,0.547842523098369,0.665816326530612,NA,"20260910T195140"
"female","CCM","242",2021-01-25,"inmature",71.6,50.1,2100,124,0.572110907480796,0.699720670391062,1976,"20260910T195140"
"female","CCM","243",2021-01-25,"inmature",55.2,36.7,858,NA,0.5101173027223,0.664855072463768,NA,"20260910T195140"
"female","CCM","244",2021-01-25,"mature",81.2,53.7,3260,218,0.608904960858543,0.661330049261084,3042,"20260910T195140"
"female","CCM","247",2021-01-25,"inmature",66.9,42.7,1438,90,0.480264551891514,0.638266068759342,1348,"20260910T195140"
"female","CCM","249",2021-01-25,"inmature",67.1,45.1,1758,NA,0.581903956712224,0.672131147540984,NA,"20260910T195140"
"female","CCM","250",2021-01-25,"mature",71.8,46,1708,88,0.46143925085262,0.64066852367688,1620,"20260910T195140"
"female","CCM","253",2021-01-25,"mature",73.7,47.6,2368,144,0.591533349692261,0.645861601085482,2224,"20260910T195140"
"female","CCM","254",2021-01-25,"inmature",49.1,40.2,1356,80,1.1455530690089,0.818737270875764,1276,"20260910T195140"
"female","CCM","256",2021-01-25,"mature",85.11,59.2,3138,182,0.50899224760529,0.695570438256374,2956,"20260910T195140"
"female","CCM","257",2021-01-25,"inmature",74.2,47.5,2174,160,0.53216685752543,0.640161725067385,2014,"20260910T195140"
"female","CCM","258",2021-01-25,"inmature",61.1,38.5,1058,52,0.463833419865155,0.630114566284779,1006,"20260910T195140"
"female","CCM","261",2021-01-25,"mature",76.5,45.7,2110,150,0.471300770582344,0.597385620915033,1960,"20260910T195140"
"female","CCM","263",2021-01-25,"mature",87.5,56.1,3848,NA,0.574395335276968,0.641142857142857,NA,"20260910T195140"
"female","CCM","266",2021-01-25,"mature",72.6,44.4,1574,NA,0.411334243474373,0.611570247933884,NA,"20260910T195140"
"female","CCM","270",2021-01-25,"inmature",68.5,43.2,1566,90,0.487214318687477,0.630656934306569,1476,"20260910T195140"
"female","CCM","273",2021-01-25,"mature",87.5,56.4,3724,238,0.555885714285714,0.644571428571429,3486,"20260910T195140"
"female","CCM","295",2021-01-25,"mature",86,54.9,3648,148,0.573534405775592,0.638372093023256,3500,"20260910T195140"
"female","CCM","298",2021-01-25,"mature",76.4,54.5,3270,142,0.733276347969128,0.713350785340314,3128,"20260910T195140"
"female","CCM","302",2021-01-25,"mature",83.3,54.5,2760,142,0.477500771756297,0.654261704681873,2618,"20260910T195140"
"female","CCM","303",2021-01-25,"mature",77,54.2,3018,172,0.661069407906986,0.703896103896104,2846,"20260910T195140"
"female","CCM","306",2021-01-25,"mature",85.2,59.9,3454,130,0.558474758415526,0.703051643192488,3324,"20260910T195140"
"female","CCM","313",2021-01-25,"inmature",70.3,47.5,1750,90,0.503700142389122,0.675675675675676,1660,"20260910T195140"
"female","CCM","314",2021-01-25,"mature",74,53,2332,138,0.575484176652913,0.716216216216216,2194,"20260910T195140"
"female","CCM","316",2021-01-25,"mature",78,55,3190,148,0.672212950319459,0.705128205128205,3042,"20260910T195140"
"female","CCM","320",2021-01-25,"mature",80.6,50.3,2548,166,0.486624867245757,0.624069478908189,2382,"20260910T195140"
"female","CCM","326",2021-01-25,"mature",82.4,57.5,3430,150,0.61307341632448,0.697815533980582,3280,"20260910T195140"
"female","CCM","329",2021-01-25,"inmature",41.5,31.7,600,30,0.839473440284581,0.763855421686747,570,"20260910T195140"
"female","CCM","351",NA,"mature",85.4,55.6,3260,122,0.523412376908341,0.651053864168618,3138,"20260910T195140"
"female","CCM","358",NA,"mature",91.3,62.5,3406,108,0.447540467319259,0.684556407447974,3298,"20260910T195140"
"female","CCM","362",NA,"mature",80.8,53.1,2342,172,0.443969165321591,0.657178217821782,2170,"20260910T195140"
"female","CCM","366",NA,"inmature",69.7,43.9,1130,60,0.333718366559166,0.629842180774749,1070,"20260910T195140"
"female","CCM","369",NA,"inmature",83.3,55.1,2436,142,0.421446333332732,0.661464585834334,2294,"20260910T195140"
"female","CCM","370",NA,"inmature",64.3,47.3,1654,72,0.622160717000279,0.735614307931571,1582,"20260910T195140"
"female","CCM","371",NA,"inmature",51.4,32.5,662,32,0.487493278925745,0.632295719844358,630,"20260910T195140"
"female","CCM","372",NA,"mature",71.4,47.7,1658,94,0.455501583288338,0.668067226890756,1564,"20260910T195140"
"female","CCM","375",NA,"mature",85.4,55.9,2742,112,0.440244398000819,0.654566744730679,2630,"20260910T195140"
"female","CCM","376",NA,"inmature",68.6,50,2028,136,0.628196631840123,0.728862973760933,1892,"20260910T195140"
"female","CCM","378",NA,"mature",93.6,63.3,3770,130,0.459741601123368,0.676282051282051,3640,"20260910T195140"
"female","CCM","381",NA,"inmature",74,50.2,1908,116,0.470850689988747,0.678378378378378,1792,"20260910T195140"
"female","CCM","384",NA,"mature",90,61.5,3170,100,0.434842249657064,0.683333333333333,3070,"20260910T195140"
"female","CCM","385",NA,"mature",85.7,59.2,2836,106,0.450571544523015,0.690781796966161,2730,"20260910T195140"
"female","CCM","390",NA,"mature",93.6,61.3,4174,192,0.509008340341893,0.65491452991453,3982,"20260910T195140"
"female","CCM","391",NA,"mature",80.7,51.4,2566,120,0.48824302518438,0.636926889714994,2446,"20260910T195140"
"female","CCM","392",NA,"mature",82.4,57.5,2872,108,0.513337274543413,0.697815533980582,2764,"20260910T195140"
"female","CCM","393",NA,"mature",73,49.5,1704,66,0.438027129919772,0.678082191780822,1638,"20260910T195140"
"female","CCM","394",NA,"mature",86.9,64.6,4028,214,0.613804591123938,0.743383199079402,3814,"20260910T195140"
"female","CCM","395",NA,"mature",74.6,55.8,3310,210,0.797281177726221,0.74798927613941,3100,"20260910T195140"
"female","CCM","396",NA,"mature",80.8,57.6,3142,182,0.595623875935285,0.712871287128713,2960,"20260910T195140"
"female","CCM","398",NA,"mature",76.6,58.2,3412,112,0.759141464935131,0.759791122715405,3300,"20260910T195140"
"female","CCM","406",NA,"inmature",62.3,43,1276,NA,0.527699319839,0.690208667736758,NA,"20260910T195140"
"female","CCM","411",NA,"mature",97,66.6,4453,208,0.487907498085294,0.68659793814433,4245,"20260910T195140"
"female","CCM","414",NA,"mature",76.6,52.8,2122,64,0.472127253397523,0.689295039164491,2058,"20260910T195140"
"female","CCM","418",NA,"mature",76,54.4,3146,120,0.716667881615396,0.715789473684211,3026,"20260910T195140"
"female","CCM","420",NA,"inmature",57,43.4,1366,84,0.737608872905563,0.76140350877193,1282,"20260910T195140"
"female","CCM","457",NA,"inmature",65,41.1,1076,68,0.391807009558489,0.632307692307692,1008,"20260910T195140"
"female","CCM","470",NA,"inmature",47.3,30.6,432,18,0.408225683259941,0.646934460887949,414,"20260910T195140"
"female","CCM","471",NA,"inmature",46.6,31.2,436,30,0.43085262097136,0.669527896995708,406,"20260910T195140"
"female","CCM","473",NA,"inmature",58.8,41.5,940,60,0.462376630044864,0.70578231292517,880,"20260910T195140"
"female","CCM","474",NA,"mature",73.1,52.3,2458,176,0.629259451917936,0.715458276333789,2282,"20260910T195140"
"female","CCM","477",NA,"inmature",47.3,29.8,416,20,0.393106213509573,0.630021141649049,396,"20260910T195140"
"female","CCM","489",NA,"inmature",46,28,324,22,0.332867592668694,0.608695652173913,302,"20260910T195140"
"female","CCM","492",NA,"inmature",65.7,45.1,1670,122,0.588871264712433,0.686453576864536,1548,"20260910T195140"
"female","CCM","493",NA,"mature",77.9,52.8,2286,112,0.483575013978565,0.677792041078305,2174,"20260910T195140"
"female","CCM","500",NA,"inmature",42.4,28.2,374,24,0.490652518522001,0.665094339622642,350,"20260910T195140"
"female","CCM","501",NA,"inmature",48.6,31.4,526,34,0.458223054898885,0.646090534979424,492,"20260910T195140"
"female","CCM","505",NA,"inmature",49.1,31.5,614,40,0.518709133017305,0.641547861507128,574,"20260910T195140"
"female","CCM","508",NA,"inmature",48.9,34.9,496,20,0.424184796996231,0.713701431492842,476,"20260910T195140"
"female","CCM","512",NA,"inmature",43.3,29.3,396,18,0.487788432163848,0.676674364896074,378,"20260910T195140"
"female","CCM","516",NA,"mature",91.8,62.9,3966,146,0.512654372951108,0.685185185185185,3820,"20260910T195140"
"female","CCM","517",NA,"inmature",60.6,49.1,1748,118,0.78545906415626,0.81023102310231,1630,"20260910T195140"
"female","CCM","519",NA,"mature",88.4,66.5,4388,142,0.635199026557781,0.752262443438914,4246,"20260910T195140"
"female","CCM","520",NA,"inmature",75.6,56.7,2102,612,0.48648261534239,0.75,1490,"20260910T195140"
"female","CCM","522",NA,"inmature",71.1,49.9,2278,196,0.633789321379433,0.70182841068917,2082,"20260910T195140"
"female","CCM","523",NA,"inmature",36.1,27.9,364,18,0.77371279326239,0.772853185595568,346,"20260910T195140"
"female","CCM","524",NA,"inmature",43,31.6,518,32,0.651514960946835,0.734883720930233,486,"20260910T195140"
"female","CCM","526",NA,"inmature",41.5,30.6,498,24,0.696762955436203,0.737349397590361,474,"20260910T195140"
"female","CCM","531",NA,"inmature",58.2,37.9,786,42,0.398706753556738,0.651202749140893,744,"20260910T195140"
"female","CCM","532",NA,"inmature",41.9,29.1,302,14,0.410548882240565,0.694510739856802,288,"20260910T195140"
"female","CCM","533",NA,"inmature",44.6,28.8,398,30,0.448619860450818,0.645739910313901,368,"20260910T195140"
"female","CCM","535",NA,"mature",89.7,63.4,4094,172,0.567244781515315,0.706800445930881,3922,"20260910T195140"
"female","CCM","536",NA,"mature",78.8,63.5,4101,156,0.838129480405992,0.805837563451777,3945,"20260910T195140"
"female","CCM","538",NA,"mature",90.3,63.3,3998,142,0.542974630996145,0.700996677740864,3856,"20260910T195140"
"female","CCM","540",NA,"mature",84.5,60.1,3410,172,0.565176703698033,0.711242603550296,3238,"20260910T195140"
"female","CCM","541",NA,"inmature",62.1,40.7,720,84,0.300647568556007,0.655394524959742,636,"20260910T195140"
"female","CCM","543",NA,"inmature",34.6,21.5,154,8,0.371785479971192,0.621387283236994,146,"20260910T195140"
"female","CCM","544",NA,"mature",92.1,60.6,3212,114,0.41114654587601,0.657980456026059,3098,"20260910T195140"
"female","CCM","547",NA,"mature",66.2,49.4,2234,200,0.770032757207279,0.746223564954683,2034,"20260910T195140"
"female","CCM","549",NA,"inmature",53.1,32.3,524,30,0.349983623905567,0.608286252354049,494,"20260910T195140"
"female","CCM","550",NA,"mature",73.2,48.5,2314,204,0.589970248774289,0.662568306010929,2110,"20260910T195140"
"female","CCM","552",NA,"inmature",46,29.7,396,32,0.406838168817293,0.645652173913043,364,"20260910T195140"
"female","CCM","580",NA,"inmature",67.5,43.6,1390,72,0.451963623431388,0.645925925925926,1318,"20260910T195140"
"female","CCM","582",NA,"inmature",50.3,33.3,524,24,0.411744049809338,0.662027833001988,500,"20260910T195140"
"female","CCM","592",NA,"mature",72.2,50.1,2326,164,0.618013721541318,0.693905817174515,2162,"20260910T195140"
"female","CCM","597",NA,"inmature",69.3,44.1,1224,62,0.367774584899451,0.636363636363636,1162,"20260910T195140"
"female","CCM","601",NA,"inmature",66.1,51.3,1838,84,0.636416057115066,0.776096822995461,1754,"20260910T195140"
"female","CCM","611",NA,"inmature",13.2,8.8,NA,NA,NA,0.666666666666667,NA,"20260910T195140"
"female","CCM","634",NA,"inmature",78,55.6,NA,NA,NA,0.712820512820513,NA,"20260910T195140"
"female","CCM","638",NA,"inmature",15.8,9.5,NA,NA,NA,0.60126582278481,NA,"20260910T195140"
"female","CCM","639",NA,"inmature",15.9,10,12,NA,0.298531300633707,0.628930817610063,NA,"20260910T195140"
"female","CCM","641",NA,"mature",84.4,62.7,3628,188,0.603448119855255,0.742890995260663,3440,"20260910T195140"
"female","CCM","642",NA,"mature",92.5,64.3,3300,216,0.416954573273054,0.695135135135135,3084,"20260910T195140"
"female","CCM","650",2021-08-30,"mature",71.7,56.5,NA,148,NA,0.788005578800558,NA,"20260910T195140"
"female","CCM","651",2021-08-30,"mature",89.3,65.3,3.966,0.202,0.000556927077028746,0.731243001119821,3.764,"20260910T195140"
"female","CCM","652",2021-08-30,"mature",85.5,57.7,2.834,0.116,0.00045342086563947,0.674853801169591,2.718,"20260910T195140"
"female","CCM","653",NA,"mature",82.7,54.9,3130,216,0.553385542648528,0.663845223700121,2914,"20260910T195140"
"female","CCM","654",NA,"mature",73.4,49.2,2920,176,0.738405072960187,0.670299727520436,2744,"20260910T195140"
"female","CCM","668",NA,"mature",62.2,52.1,2212,64,0.919208366451707,0.837620578778135,2148,"20260910T195140"
"female","CCM","685",NA,"inmature",69.8,48,1980,130,0.582235822728271,0.687679083094556,1850,"20260910T195140"
"female","CCM","688",NA,"mature",83,53.6,2222,160,0.388606246731737,0.645783132530121,2062,"20260910T195140"
"female","CCM","691",NA,"mature",74.1,56.2,2886,202,0.709319179156675,0.758434547908232,2684,"20260910T195140"
"female","CCM","748",NA,"inmature",15,9.8,NA,NA,NA,0.653333333333333,NA,"20260910T195140"
"female","CCM","844",NA,"mature",93,61.1,3360,202,0.417724965407151,0.656989247311828,3158,"20260910T195140"
"female","CCM","850",NA,"mature",79,52.6,2342,164,0.475013132835334,0.665822784810127,2178,"20260910T195140"
"female","CCM","885",NA,"mature",93.7,64.3,3774,122,0.458757442727163,0.686232657417289,3652,"20260910T195140"
"female","CCM","965",2021-12-13,"mature",87.2,60.8,3574,210,0.539020265183251,0.697247706422018,3364,"20260910T195140"
"female","CCM","966",2021-12-13,"mature",88.4,59.7,3492,166,0.505495670177705,0.675339366515837,3326,"20260910T195140"
"female","CCM","1007",2021-12-13,"inmature",42.3,28.1,264,16,0.348805098769515,0.664302600472813,248,"20260910T195140"
"female","CCM","1042",2021-12-13,"inmature",61.8,41,1074,46,0.45502876951171,0.663430420711974,1028,"20260910T195140"
"female","CCM","1043",2021-12-13,"mature",71.5,52.7,2026,114,0.554269926855383,0.737062937062937,1912,"20260910T195140"
"female","CCM","1044",2021-12-13,"mature",82.9,58.7,2870,36,0.503753765061345,0.708082026537998,2834,"20260910T195140"
"female","CCM","1045",2021-12-13,"mature",87.4,60.7,3230,208,0.483802629472983,0.694508009153318,3022,"20260910T195140"
"female","CCM","1046",2021-12-13,"mature",75.9,50.7,2722,132,0.62253359513867,0.66798418972332,2590,"20260910T195140"
"female","CCM","1048",2021-08-30,"mature",82.6,60.1,3526,158,0.625665439378186,0.727602905569007,3368,"20260910T195140"
"female","CCM","1050",NA,"mature",86.2,57.1,3418,210,0.533642316710351,0.662412993039443,3208,"20260910T195140"
"female","CCM","1055",NA,"inmature",73.4,48.8,1746,84,0.441525773078249,0.664850136239782,1662,"20260910T195140"
"female","CCM","1056",NA,"mature",74.5,57.2,2674,158,0.646684697980531,0.767785234899329,2516,"20260910T195140"
"female","CCM","1057",NA,"inmature",59,37.9,763,40,0.371508284683439,0.642372881355932,723,"20260910T195140"
"female","CCM","1083",2022-01-17,"mature",108.3,77.8,5578,236,0.439130032643225,0.718374884579871,5342,"20260910T195140"
"female","CCM","1085",2022-01-17,"inmature",59.5,40.3,710,48,0.337060182451626,0.677310924369748,662,"20260910T195140"
"female","CCM","1088",2022-01-17,"inmature",45,32,420,NA,0.460905349794239,0.711111111111111,NA,"20260910T195140"
"female","CCM","1091",2022-01-20,"inmature",75.8,49.5,1587,NA,0.364392399484504,0.653034300791557,NA,"20260910T195140"
"female","CCM","1092",2022-01-20,"inmature",79.9,53.5,1890,NA,0.370528370260429,0.669586983729662,NA,"20260910T195140"
"female","CCM","1093",2022-01-20,"inmature",65.4,43.2,1050,46,0.375366969474128,0.660550458715596,1004,"20260910T195140"
"female","CCM","1094",2022-01-20,"mature",82.4,56.5,2780,136,0.496893322851911,0.685679611650485,2644,"20260910T195140"
"female","CCM","1095",2022-01-20,"mature",85.9,68.1,2334,130,0.368231858795975,0.792782305005821,2204,"20260910T195140"
"female","CCM","1106",2022-01-20,"mature",88.3,65,3068,NA,0.445628793826348,0.736126840317101,NA,"20260910T195140"
"female","CCM","1117",2022-01-20,"mature",90.2,86.2,3522,195,0.479920983585438,0.955654101995565,3327,"20260910T195140"
"female","CCM","1119",2022-01-20,"mature",69.6,55.4,2468,88,0.732010712175951,0.795977011494253,2380,"20260910T195140"
"female","CCM","1120",2022-01-20,"mature",78.9,54.5,2740,140,0.557852717716636,0.690747782002535,2600,"20260910T195140"
"female","CCM","1121",2022-01-20,"mature",85.1,56.2,2643,186,0.428853030007538,0.660399529964747,2457,"20260910T195140"
"female","CCM","1122",2022-01-20,"mature",88,61.5,3348,135,0.491289444027047,0.698863636363636,3213,"20260910T195140"
"female","CCM","1124",2022-01-20,"mature",84.5,56.6,2824,188,0.468052495965761,0.669822485207101,2636,"20260910T195140"
"female","CCM","1125",2022-01-20,"mature",69.5,47.3,2712,198,0.807858449020505,0.680575539568345,2514,"20260910T195140"
"female","CCM","1242",NA,"inmature",64,42,1036,72,0.39520263671875,0.65625,964,"20260910T195140"
"female","CCM","1243",NA,"inmature",53.8,35.6,646,38,0.414844838526206,0.661710037174721,608,"20260910T195140"
"female","CCM","1245",NA,"inmature",61.8,41.8,1086,64,0.46011288984145,0.676375404530744,1022,"20260910T195140"
"female","CCM","1258",NA,"inmature",15.1,10.5,NA,NA,NA,0.695364238410596,NA,"20260910T195140"
